Portfolio,CAGR,AnnualizedVol,SharpeRatio,MaxDrawdown
Strategy,0.1988681631351097,0.17430368474663338,1.1409291973613929,-0.3124148874563001
Benchmark,0.054562444210850325,0.18994529509839408,0.28725346517578276,-0.3127693660757397
